times,function,difference
100,0.001,0.003
200,0.003,0.006
300,0.007,0.011
400,0.009,0.012
500,0.007,0.015
600,0.010,0.027
700,0.016,0.030
800,0.014,0.030
900,0.014,0.040
1000,0.020,0.037
1100,0.021,0.047
1200,0.024,0.051
1300,0.026,0.052
1400,0.031,0.049
1500,0.025,0.054
1600,0.026,0.062
1700,0.031,0.051
1800,0.025,0.061
1900,0.030,0.071
2000,0.031,0.055
2100,0.033,0.065
2200,0.027,0.051
2300,0.030,0.058
2400,0.029,0.057
2500,0.031,0.059
2600,0.029,0.062
2700,0.030,0.064
2800,0.034,0.067
2900,0.035,0.070
3000,0.034,0.070
3100,0.039,0.071
3200,0.038,0.075
3300,0.039,0.083
3400,0.042,0.082
3500,0.039,0.085
3600,0.041,0.086
3700,0.041,0.091
3800,0.046,0.091
3900,0.050,0.086
4000,0.051,0.089
4100,0.050,0.107
4200,0.050,0.101
4300,0.049,0.099
4400,0.051,0.103
4500,0.050,0.102
4600,0.055,0.116
4700,0.057,0.107
4800,0.058,0.115
4900,0.060,0.118
5000,0.063,0.114
5100,0.063,0.121
5200,0.065,0.122
5300,0.063,0.125
5400,0.067,0.125
5500,0.067,0.128
5600,0.065,0.137
5700,0.069,0.142
5800,0.069,0.140
5900,0.069,0.138
6000,0.072,0.139
6100,0.074,0.146
6200,0.078,0.150
6300,0.082,0.153
6400,0.072,0.149
6500,0.080,0.150
6600,0.084,0.161
6700,0.083,0.166
6800,0.085,0.158
6900,0.087,0.158
7000,0.084,0.170
7100,0.094,0.172
7200,0.085,0.173
7300,0.091,0.174
7400,0.094,0.180
7500,0.091,0.178
7600,0.102,0.190
7700,0.097,0.184
7800,0.093,0.188
7900,0.095,0.190
8000,0.097,0.191
8100,0.105,0.192
8200,0.099,0.192
8300,0.100,0.204
8400,0.104,0.194
8500,0.105,0.205
8600,0.101,0.205
8700,0.102,0.211
8800,0.116,0.221
8900,0.118,0.221
9000,0.111,0.211
9100,0.111,0.219
9200,0.114,0.208
9300,0.117,0.238
9400,0.115,0.231
9500,0.119,0.236
9600,0.116,0.231
9700,0.123,0.236
9800,0.124,0.237
9900,0.119,0.236
10000,0.128,0.233
10100,0.125,0.237
10200,0.124,0.247
10300,0.124,0.253
10400,0.129,0.251
10500,0.132,0.250
10600,0.133,0.254
10700,0.125,0.252
10800,0.130,0.252
10900,0.135,0.266
